id,title,score,url,num_comments,created_utc
1nilq8o,Jerry Jones: Brandon Aubrey extension certainly is coming,231,https://www.nbcsports.com/nfl/profootballtalk/rumor-mill/news/jerry-jones-brandon-aubrey-extension-certainly-is-coming,49,1758038903.0
1nio4me,"[Yarrish] Jerry Jones says on @1053thefan that #Cowboys rookie CB Shavon Revel Jr.‚Äôs return to the field from injury is lining up with his NFI designation, which would make him available following Dallas‚Äô Week 4 game against the Packers.",118,https://x.com/tommy_yarrish/status/1967950054125342992?s=19,36,1758044191.0
1ni5jio,Dak comes back to sign autographs for fans after putting his kids in the car,1433,https://v.redd.it/zc2ktlmrtfpf1,105,1757989638.0
1niq8rf,Defense isn‚Äôt #good,66,https://i.redd.it/u8rdigympkpf1.jpeg,51,1758048781.0
1nity47,"Cowboys are 1.5 point underdogs Sunday vs Chicago. According to the Bears subreddit, we should all bet everything on Dallas. Thoughts?",42,https://i.redd.it/ymspdaqeelpf1.jpeg,52,1758057112.0
1nii5t5,"Through 2 weeks this year, we are 4th in the league in rush yards per attempt and 3rd in rushing TDs. Last season, we were 30th and 32nd, respectively",95,https://www.reddit.com/gallery/1nii5t5,43,1758030879.0
1nir0cw,"[Football insights] Team pass blocking and EPA per dropback. Veterans Dak, Stafford, Lamar efficient relative to their protection",22,https://x.com/fball_insights/status/1967689402165182941?s=46,13,1758050473.0
1ni6lnn,Love his energy!,306,https://v.redd.it/dmv33xi13gpf1,27,1757992765.0
1ni24b2,Dak prescott among all QBs through Week 2,458,https://i.redd.it/bp06s2xm1fpf1.jpeg,93,1757980176.0
1ni62dh,Don't let the win distract you from...,256,https://www.reddit.com/r/cowboys/comments/1ni62dh/dont_let_the_win_distract_you_from/,35,1757991187.0
1ni27q7,Aubrey kicking the shit outta that fucking football,403,https://i.redd.it/qpedi87c2fpf1.gif,11,1757980434.0
1nihzlg,[OC] Impact of every Week 3 game on Cowboys playoff odds.,20,https://www.reddit.com/r/cowboys/comments/1nihzlg/oc_impact_of_every_week_3_game_on_cowboys_playoff/,12,1758030465.0
1niglji,Dallas Signature Foods,22,https://v.redd.it/p4drntc3xipf1,57,1758027087.0
1nhwgm6,[Mosher] It's so frustrating/hillarious that three of the #Cowboys top graded players in Week 2 were DTs.  This is the best DT room they've had in years and they can't create ANY EDGE rush.,329,https://x.com/marcus_mosher/status/1967591823263801596?s=46,132,1757966542.0
1nhxy0l,How we feeling a day after yesterday's game?,236,https://i.redd.it/91u55csw6epf1.png,278,1757969844.0
1nhpwo4,Dak to CeeDee on 3rd and 4,541,https://v.redd.it/478txu29qcpf1,132,1757952135.0
1nirmj9,Miller Litehouse - outside the stadium- question,3,https://www.reddit.com/r/cowboys/comments/1nirmj9/miller_litehouse_outside_the_stadium_question/,6,1758051841.0
1nhtki1,"Yes, the Cowboys‚Äô Pass Defense Is That Bad",319,https://i.redd.it/zhj7e5q6edpf1.jpeg,205,1757960188.0
1niohql,When does the sounds from the sidelines usually come?,4,https://www.reddit.com/r/cowboys/comments/1niohql/when_does_the_sounds_from_the_sidelines_usually/,5,1758044977.0
1nhp635,"[Rapoport] #Cowboys center Cooper Beebe, a key part of their stellar O-line, is expected to miss 6-8 weeks with a high-ankle sprain, sources say. He‚Äôs almost certainly headed to Injured Reserve, but should be back in the second half of the season.",241,https://x.com/rapsheet/status/1967612980000125324?s=46,43,1757950517.0
1ni13ye,How close is Prescott to setting a record for most consecutive wins by an NFL quarterback against a single opponent team? He's beaten the Giants 14 times in a row.,60,https://www.reddit.com/r/cowboys/comments/1ni13ye/how_close_is_prescott_to_setting_a_record_for/,17,1757977550.0
1nhkfag,Calling it now: Brandon Aubrey breaks the NFL FG record with a 78-yard kick,351,https://www.reddit.com/r/cowboys/comments/1nhkfag/calling_it_now_brandon_aubrey_breaks_the_nfl_fg/,118,1757939197.0
1ni6iea,"Sights and sounds to celebrate Hispanic Heritage Month! üéâ

#HispanicHeritageMonth",20,https://v.redd.it/sawcls472gpf1,1,1757992488.0
1ni0a7e,Full Brandon Aubrey Interview on the Pat McAfee Show,37,https://www.youtube.com/watch?v=Bw-WEsu_DhU,0,1757975437.0
1nhlqiu,Cowboys fans celebrating going into OT,196,https://v.redd.it/7geq80hwxbpf1,27,1757942599.0
1nhkqdk,One thing we have in common,219,https://i.redd.it/3c0c9l3bqbpf1.jpeg,15,1757940045.0
1ni3o7w,Cowboys fans during the Giants game,20,https://www.youtube.com/watch?v=R3aJoJ8aLyQ,8,1757984406.0
1nh8rgj,Honestly they should apologize lmao,1235,https://i.redd.it/oqjwbd61e8pf1.jpeg,217,1757899596.0
1nhsj6b,"[Yarrish] Stephen Jones says on The Fan that DaRon Bland is ""a long putt"" to play on Sunday against Chicago, but could have a chance the following week against Green Bay.",61,https://i.redd.it/4ckyq7be7dpf1.png,32,1757957922.0
1nh5qia,Schotty celebrating his first win,1607,https://v.redd.it/f7ge5cvqo7pf1,213,1757891100.0
1nhnaxp,Wk2 PFF grades,89,https://www.reddit.com/gallery/1nhnaxp,101,1757946324.0
1nhsc62,Bears Pro Bowl CB Jaylon Johnson Out Indefinitely With Groin Injury,46,https://www.si.com/nfl/bears-jaylon-johnson-injury-report,14,1757957496.0
1niibya,Me waiting for my SFTS,0,https://i.redd.it/7ns2sgmg9jpf1.jpeg,0,1758031276.0
1nh7vur,George Pickens improved attitude during the game,917,https://i.redd.it/4qeuckig68pf1.jpeg,70,1757897061.0
1nh7rtt,Malik Nabers got ahead of himself üòπ,927,https://i.redd.it/01d5e34j58pf1.jpeg,73,1757896737.0
1nh2e8z,AUBREY HITS FROM 46 TO WIN IT IN OT!,1897,https://v.redd.it/wdfwbz3vz6pf1,177,1757882739.0
1nh1qjs,Aubrey hits from 64 to send it to overtime!,1555,https://v.redd.it/4vhusuu6v6pf1,128,1757881184.0
1nhsccq,Next Day Thread,27,https://www.reddit.com/r/cowboys/comments/1nhsccq/next_day_thread/,57,1757957506.0
1nh7hy4,Jerry extend Aubrey ASAP,549,https://i.redd.it/sqmeqdz638pf1.jpeg,75,1757895951.0
1nh7qg7,The Cowboys SHOULD lock up Brandon Aubrey as the NFL‚Äôs highest-paid kicker TOMORROW,481,https://www.reddit.com/r/cowboys/comments/1nh7qg7/the_cowboys_should_lock_up_brandon_aubrey_as_the/,65,1757896622.0
1nh2nlk,Dak Prescott in the 4Q/OT vs the Giants,882,https://i.redd.it/cp5ifyfr17pf1.jpeg,160,1757883363.0
1nhzyc0,"Cowboys vs. Giants Stock Report: Brandon Aubrey, George Pickens on the rise",7,https://www.bloggingtheboys.com/dallas-cowboys-roster/181401/dallas-cowboys-new-york-giants-stock-report-win,2,1757974643.0
1nhcoj5,Dak passes Romo in completions?,196,https://www.reddit.com/gallery/1nhcoj5,187,1757911489.0
1nhos4n,A hypothetical,27,https://www.reddit.com/r/cowboys/comments/1nhos4n/a_hypothetical/,23,1757949661.0
1nh2e6v,The üêê ‚ú≠,814,https://i.redd.it/fdwtdg9wz6pf1.jpeg,47,1757882735.0
1nh385x,Luka still supporting The Boys!,497,https://i.redd.it/q70p3wmp57pf1.jpeg,32,1757884726.0
1nh2vak,[Machota] Jerry Jones said the Cowboys have signed Jadeveon Clowney,486,https://x.com/jonmachota/status/1967333529970483482?s=46,171,1757883879.0
1nhap85,"Through 2 games, Brandon Aubrey is responsible for 24 of the Cowboys' 60 points (40%)",154,https://www.reddit.com/r/cowboys/comments/1nhap85/through_2_games_brandon_aubrey_is_responsible_for/,27,1757905236.0
1nh8lg0,[Schefter] New Cowboys DE Jadeveon Clowney is signing a one-year deal worth up to $6 million.,180,https://x.com/adamschefter/status/1967397399909020103?s=46,40,1757899113.0
1nh56ri,"[Walker] the (Clowney) deal was literally done DURING the game against the Giants. üîë it‚Äôs ‚Äúmore than one year‚Äù, per Jerry Jones",291,https://x.com/VoiceOfTheStar/status/1967346183275479476?ref_src=twsrc%5Egoogle%7Ctwcamp%5Eserp%7Ctwgr%5Etweet,67,1757889623.0
1nh34fe,Javonte Williams runs it in from 30 yards out,347,https://v.redd.it/0y9w7zj357pf1,51,1757884485.0
1nh54lm,George Pickens gets his first TD of the year,265,https://v.redd.it/w1xf0iwwj7pf1,13,1757889467.0
1nh7fnt,Dak had ice in his veins üßä,191,https://i.redd.it/gkfzypun28pf1.jpeg,49,1757895773.0
1nh2sxk,In Aubrey We Trust,306,https://i.redd.it/tstlsx8t27pf1.png,17,1757883718.0
1nh4ryg,Dak has won 14 straight games vs. the New York Giants. That puts him second all-time among QBs in wins over one specific opponent.,221,https://www.reddit.com/r/cowboys/comments/1nh4ryg/dak_has_won_14_straight_games_vs_the_new_york/,17,1757888558.0
1nh2h4e,Brandon Aubrey is the Terminator,283,https://i.redd.it/2ny3e5af07pf1.jpeg,11,1757882930.0
1nh9wio,"[Harris] Your wild #Cowboys stat of the night: Brevyn Spann-Ford, CeeDee Lamb and Hunter Luepke combined for more tackles (6) than the entire DE room (5)",88,https://x.com/NickHarrisFWST/status/1967402274634043813?t=06ClrPlUWIwWdCEknzPLZA&s=19,11,1757902892.0
1nh3t29,"Dak Prescott has thrown for 350+ yards 18 times since 2018, trailing only Patrick Mahomes during that span",201,https://stathead.com/tiny/4UgVO/reddit,36,1757886142.0
1nh60m9,"[Harris] In the locker room, Cowboys C Cooper Beebe had a swollen ankle that was basically the size of my head. He had to use crutches to get around. Schottenheimer didn‚Äôt have an update immediately after the game.",147,https://x.com/NickHarrisFWST/status/1967345627387576369?s=19,33,1757891855.0
1nh73uo,Best bromance ever.,123,https://i.redd.it/rtjm3raxz7pf1.jpeg,7,1757894851.0
1nh4rhd,Brandon Aubrey is a legend,139,https://i.redd.it/okfc2e74h7pf1.jpeg,3,1757888527.0
1nh34gh,Jadeveon Clowney to the boys?!,147,https://i.redd.it/8tfm4pq357pf1.jpeg,51,1757884487.0
1nhtk54,Rookie mistakes happen at any age.  I left after the last Nabers TD.,2,https://www.reddit.com/r/cowboys/comments/1nhtk54/rookie_mistakes_happen_at_any_age_i_left_after/,18,1757960166.0
1nh763n,[Slater] KaVonte Turpin tells me ‚Äúmy x-rays came out good.‚Äù Adding I‚Äôll be fine‚Äù but says his neck is stiff and they have him wearing a neck brace. He was in good spirits as teammates clowned him for the neck brace so that‚Äôs encouraging.,80,https://x.com/SlaterNFL/status/1967334812106256872?s=19,3,1757895031.0
1nh2e7p,Post Game Thread: New York Giants at Dallas Cowboys,146,https://www.reddit.com/r/cowboys/comments/1nh2e7p/post_game_thread_new_york_giants_at_dallas_cowboys/,619,1757882736.0
1nh4s26,Javonte first big game,86,https://i.redd.it/eapott48h7pf1.jpeg,8,1757888565.0
1nh4qk5,First Cowboys td üî•,79,https://i.redd.it/00bzoa7xg7pf1.jpeg,3,1757888462.0
1nhbaf0,Dak's Post-game presser,30,https://youtu.be/HriZ7GhETOE?si=AaqiZ4igFwjHqwNw,18,1757907015.0
1nh2xhp,Dak Prescott threads it to Kavontae Turpin,94,https://v.redd.it/00r0ul9q37pf1,6,1757884024.0
1ni8snw,Honest and hopefuly outlook,0,https://www.reddit.com/r/cowboys/comments/1ni8snw/honest_and_hopefuly_outlook/,30,1757999864.0
1nhfpn0,James Houston had 8 sacks in 7 games his rookie season,12,https://www.reddit.com/r/cowboys/comments/1nhfpn0/james_houston_had_8_sacks_in_7_games_his_rookie/,20,1757922620.0
1nhz3a4,Regarding merch,0,https://www.reddit.com/r/cowboys/comments/1nhz3a4/regarding_merch/,9,1757972589.0
1nh7jxx,Giants lineman clocks Cowboys player in helmet as part of awful opening drive James Hudson III was penalized 4 times on the first drive for the Giants,48,https://v.redd.it/ac9r17on38pf1,4,1757896107.0
1nh382s,Miles Sanders skips into the end zone,90,https://v.redd.it/ekdhyqms57pf1,7,1757884719.0
1nh3y7z,Team friendly deal?,83,https://i.redd.it/sbhk69r2b7pf1.png,32,1757886495.0
1nh7qw4,"(Meme) Jesus, is this necessary?",40,https://i.redd.it/6hpmqgla58pf1.jpeg,8,1757896657.0
1ngskdw,üìç AT&T Stadium,144,https://v.redd.it/83bs5gge35pf1,6,1757859725.0
1ni4r5j,That 2025 Micah Parsons Cowboys Christmas ornament...,0,https://i.redd.it/a1hiqyp4nfpf1.jpeg,3,1757987423.0
1nguwhe,Game Thread: New York Giants (0-1) at Dallas Cowboys (0-1),82,https://www.reddit.com/r/cowboys/comments/1nguwhe/game_thread_new_york_giants_01_at_dallas_cowboys/,7946,1757865373.0
1nguefa,"[Archer] Cowboys inactives: RB Jaydon Blue, CB DaRon Bland, LB Shemar James, DT Mazi Smith, OT Ajani Cornelius, OT Hakeem Adeniji, OL Trevor Keegan",84,https://www.reddit.com/r/cowboys/comments/1nguefa/archer_cowboys_inactives_rb_jaydon_blue_cb_daron/,58,1757864193.0
1nh96mp,"Cowboys Edge Giants: Dak Clutch, 64-Yard Walk-Off, Reaction",10,https://youtube.com/watch?v=kUreU5xULyE&si=aicgliyPhIrVSlPY,5,1757900807.0
1nh2lmi,2025 Schedule Wallpaper - Week 02,23,https://i.redd.it/32q08h6917pf1.png,6,1757883230.0
1nh3q4j,Jadeveon Clowney || JC Film Session ‚ú≠‚ú≠,16,https://youtu.be/sZrJc7XNMCE?si=3Jcvz1gO1dWU0VRz,4,1757885942.0
1ngtg04,"howdy, SAM WILLIAMS SR ü§†",55,https://v.redd.it/m227xhpu95pf1,9,1757861926.0
1nh2uzl,"Epic Performance By Cowboys‚Äô Kicker Highlights the Good, Bad and Ugly of NFL Week 2",17,https://www.si.com/nfl/epic-performance-cowboys-kicker-highlights-good-bad-ugly-nfl-week-2,2,1757883859.0
1nh6tw6,First NFL Game,7,https://www.reddit.com/r/cowboys/comments/1nh6tw6/first_nfl_game/,2,1757894087.0
1ngssdn,The 'Boys are in the building üè°,34,https://www.reddit.com/gallery/1ngssdn,0,1757860279.0
1ngumtp,Cowboys & Giants Gameday Rosters Visualized (Including Inactives),26,https://www.reddit.com/gallery/1ngumtp,4,1757864740.0
1ng7kf0,"[Rapoport] Sources: The #Cowboys and standout G Tyler Smith agreed to terms on a 4-year, $96M extension ‚Äî$24M per year ‚Äî to make him the NFL‚Äôs new highest-paid at his position.   Smith gets a whopping $81.2M guaranteed in a deal done by agents @JoePanos1 and Todd France at @AthletesFirst.",757,https://x.com/rapsheet/status/1966957991477027166?s=46&t=vJVRjsNMIspCGYJu_TpvwA,166,1757794494.0
1nhwdqp,What a game ü´®,0,https://youtube.com/shorts/whirHRy0Qow?si=2KF4jfEfFcYPPipW,2,1757966381.0
1nhnlyg,Trey Hendrickson,0,https://www.reddit.com/r/cowboys/comments/1nhnlyg/trey_hendrickson/,28,1757947033.0
1ng9tk3,"Safe to say Dak had had NY‚Äôs number, but how will that hold up this Sunday?",216,https://i.redd.it/x3dkdzev60pf1.jpeg,38,1757800337.0
1ng87vy,"[Archer] Since training camp, the Cowboys have signed Jake Ferguson (4 years, $52m), DaRon Bland (4 years, $92m), Hunter Luepke (2 years, $7.5m) and now Tyler Smith (4 years, $96m). Among players to be UFAs after season: George Pickens, Kaiir Elam, Sam Williams. Brandon Aubrey is an RFA.",242,https://x.com/toddarcher/status/1966964737901818185?s=46&t=f3jRj3ojfg1JTElkDCUUrg,79,1757796135.0
1ng5t19,"Jerry Jones contacted Jets about Micah Parsons, wanted Quinnen Williams and more",111,https://www.nbcsports.com/nfl/profootballtalk/rumor-mill/news/jerry-jones-contacted-jets-about-micah-parsons-wanted-quinnen-williams-and-more,55,1757790098.0
1ngd59k,Rally Day,39,https://www.reddit.com/gallery/1ngd59k,4,1757809461.0
1ng2j0e,[Archer] The Cowboys have signed wide receiver Ryan Flournoy to the 53-man roster to fill the spot created when they put defensive¬†tackle Perrion Winfrey (back) on injured reserve.,142,https://x.com/toddarcher/status/1966908217910587643?s=46,37,1757782481.0
1nh9zyx,Sign ideas?,0,/r/dallascowboys/comments/1nh9zt1/sign_ideas/,8,1757903180.0
1ng5rhb,24 hours 'til the home opener ‚è±Ô∏è,42,https://i.redd.it/xij41d44czof1.png,2,1757790006.0
1ng5tid,Saturday's Slate with the 'Boys ü§î,31,https://v.redd.it/w89pda3gczof1,5,1757790130.0
1nfxsdu,Why?,33,https://www.reddit.com/r/cowboys/comments/1nfxsdu/why/,100,1757770843.0
